Suzuki swift Dlx,"2010 - 87,000 km","JOHAR TOWN, LAHORE","Rs 1,325,000"
Suzuki Swift RX413 DX STD 1328 cc (2011),"2011 - 110,000 km","KORANGI INDUSTRIAL AREA, KARACHI","Rs 1,175,000"
Suzuki Swift Auto,"2015 - 52,000 km","ABUL HASSAN ISPHANI ROAD, KARACHI","Rs 1,785,000"
Swift DLX exchange possible,"2011 - 156,000 km","SAHIWAL, PUNJAB","Rs 1,275,000"
SUZUKI SWIFT 1.3 DLX AUTO 2017,"2017 - 75,000 km","PECHS, KARACHI","Rs 1,895,000"
Suzuki Swift DLX 2016,"2016 - 62,320 km","KARACHI, SINDH","Rs 1,610,000"
"Swift 2019 Maunal Transmission, 100% Orignal, First owner,like new car","2019 - 42,162 km","ANCHOLI, KARACHI","Rs 1,925,000"
SWIFT AUTO 1.3 NAVIGATION,"2018 - 29,000 km","DHA PHASE 2, KARACHI","Rs 1,950,000"
Suzuki Swift (Auto),"2016 - 62,162 km","FEDERAL B AREA, KARACHI","Rs 1,675,000"
Suzuki/swift Dlx 2010,"2010 - 73,000 km","GULSHAN-E-SHAMEEM, KARACHI","Rs 1,135,000"
SWiFT DLX 1.3 Manual,"2012 - 99,000 km","ALI VIEW GARDEN, LAHORE","Rs 1,330,000"
Swift dlx 2010 islb num,2010 - 99 km,"AIRPORT HOUSING SOCIETY, RAWALPINDI","Rs 1,235,000"
Suzuki Swift DLX Automatic 1.3 Navigation,"2011 - 96,000 km","PESHAWAR, KHYBER PAKHTUNKHWA","Rs 1,500,000"
Suzuki Khyber swift,"1989 - 556,968 km","PESHAWAR, KHYBER PAKHTUNKHWA","Rs 285,000"
Suzuki Swift XG L Package 1.3 2006,"2006 - 123,456 km","PESHAWAR, KHYBER PAKHTUNKHWA","Rs 1,430,000"
SUZUKI SWIFT 1.3 DLX,"2015 - 54,000 km","KASHMIR ROAD, KARACHI","Rs 1,510,000"
suzuki swift Dxl 2021,"2021 - 3,200 km","MIRPUR, AZAD KASHMIR","Rs 2,265,000"
Suzuki Swift Dlx Automatic Transmission,"2015 - 55,000 km","DHA PHASE 2, KARACHI","Rs 1,670,000"
Swift dlx automatic,"2015 - 123,456 km","PESHAWAR, KHYBER PAKHTUNKHWA","Rs 1,650,000"
Suzuki swift 2016,"2016 - 46,000 km","MALIR, KARACHI","Rs 1,700,000"
SUZUKI SWIFT JAPNESE 2006 UNREGISTERED PEARL WHITE CUSTOM AUCTION,"2006 - 89,000 km","GULSHAN-E-IQBAL BLOCK 4, KARACHI","Rs 1,650,000"
Swift 1.3,"2017 - 60,000 km","BAHRIA TOWN, ISLAMABAD","Rs 1,850,000"
Suzuki Swift DLX Automatic 1.3 original condition,"2013 - 82,000 km","SHADMAN TOWN, KARACHI","Rs 1,500,000"
Suzuki Swift 2017 1.3 DLX Automatic NAV 45000km Brand New Untouched,"2017 - 45,000 km","ASKARI IV, KARACHI","Rs 1,925,000"
Home user suzuki swift Dlx manual for sale,"2012 - 74,000 km","FAISALABAD, PUNJAB","Rs 1,300,000"
Suzuki Swift automatic,"2019 - 95,003 km","GULSHAN-E-SHAMEEM, KARACHI","Rs 2,125,000"
Suzuki swift Automatic,"2012 - 102,000 km","GREEN TOWN, LAHORE","Rs 1,450,000"
Khyber swift,"1989 - 25,802 km","SWABI, KHYBER PAKHTUNKHWA","Rs 160,000"
AUTO SWIFT DLX 1.3,"2014 - 99,000 km","PESHAWAR, KHYBER PAKHTUNKHWA","Rs 1,485,000"
Vvip 2014 suzuki cultus vxri btr alto cuore mehran swift liana city,"2014 - 98,000 km","GULSHAN-E-IQBAL BLOCK 7, KARACHI","Rs 1,095,000"
Suzuki swift dlx,"2012 - 158,693 km","GULBERG 3, LAHORE","Rs 1,260,000"
Swift Japan Assembled 1997,"1997 - 92,000 km","LAYYAH, PUNJAB","Rs 399,000"
Khyber Swift 1997 Japan Assembled,"1997 - 92,000 km","LAYYAH, PUNJAB","Rs 399,000"
Swift 1.3 DLX manual,"2013 - 88,000 km","SCHEME 33, KARACHI","Rs 1,330,000"
Suzuki swift manual,"2018 - 31,000 km","KHAYABAN-E-SIR SYED, RAWALPINDI","Rs 1,825,000"
Szuki Swift,"2018 - 56,000 km","SADIQABAD, RAWALPINDI","Rs 1,890,000"
Suzuki Swift 2012 DXL,"2012 - 75,000 km","SIALKOT, PUNJAB","Rs 1,315,000"
Suzuki swift DLX 2014,"2014 - 103,000 km","RASHID MINHAS ROAD, LAHORE","Rs 1,530,000"
Suzuki swift dlx 1.3 abs break is upforsale mint condition,"2010 - 10,000 km","GUJRANWALA, PUNJAB","Rs 1,175,000"
Swift DLX 2016,2016 - 54 km,"GULSHAN-E-IQBAL BLOCK 1, KARACHI","Rs 1,585,000"
Suzuki Swift 1.3 Dlx Navigation,"2010 - 76,000 km","ABBOTTABAD, KHYBER PAKHTUNKHWA","Rs 1,460,000"
Suzuki swift DLX 1.3 2014,"2014 - 63,000 km","WAPDA TOWN, LAHORE","Rs 1,495,000"
Good car in reasonable price swift dlx model,"2015 - 100,000 km","CHICHAWATNI, PUNJAB","Rs 1,600,000"
Suzuki kyber swift,"1989 - 200,000 km","AHSANABAD, KARACHI","Rs 160,000"
Suzuki khyber swift,"1989 - 75,000 km","CHUNGI AMAR SADHU, LAHORE","Rs 280,000"
suzuki swift khyber 89/90,"1989 - 1,111 km","GULISTAN-E-JAUHAR BLOCK 8, KARACHI","Rs 185,000"
Suzuki Swift 2015 Pearl Red Good Condition,"2015 - 128,000 km","GULZAR-E-HIJRI, KARACHI","Rs 1,420,000"
Suzuki SWIFT 2012 perfect condition,"2012 - 94,000 km","GULISTAN-E-JAUHAR BLOCK 12, KARACHI","Rs 1,295,000"
Suzuki Swift 2019 total original,"2019 - 14,560 km","E-7, ISLAMABAD","Rs 2,140,000"
Suzuki Swift DLX ABS Model 2020 Colour Grey 18000km Spair Wheel Unused,"2020 - 18,000 km","AIRPORT, KARACHI","Rs 2,000,000"
"Swift 2018 Brand New condition, Less driven","2018 - 20,000 km","HYDERABAD, SINDH","Rs 1,785,000"
Suzuki swift dlx neat gari,"2012 - 122,000 km","MIAN CHUNNU, PUNJAB","Rs 1,235,000"
Suzuki swift modified DLx,"2010 - 150,000 km","ADIALA ROAD, RAWALPINDI","Rs 1,300,000"
Swift Automatic for sale,"2019 - 18,000 km","LAKE CITY, LAHORE","Rs 2,160,000"
Suzuki swift DX,"2015 - 173,000 km","HIGHCOURT SOCIETY, LAHORE","Rs 1,475,000"
Swift Automatic 2013 low mileage,"2013 - 62,500 km","GULSHAN-E-RAVI, LAHORE","Rs 1,520,000"
Suzuk swift dlx automatic,"2016 - 69,693 km","GARDEN EAST, KARACHI","Rs 1,825,000"
Suzuki Swift DLX 2014 Model,"2014 - 81,000 km","PESHAWAR, KHYBER PAKHTUNKHWA","Rs 1,460,000"
Swift 2010,"2010 - 140,000 km","PEOPLE COLONY, RAWALPINDI","Rs 1,325,000"
Khyber swift 1992 new good condition,"1992 - 100,000 km","GHOTKI, SINDH","Rs 270,000"
suzuki swift,"1989 - 100,000 km","9TH AVENUE, ISLAMABAD","Rs 365,000"
Suzuki swift 2014,"2014 - 175,000 km","G-9, ISLAMABAD","Rs 1,450,000"
Suzuki Swift DLX,"2018 - 39,520 km","FAISALABAD, PUNJAB","Rs 1,795,000"
"Suzuki Swift(Khyabar) , modified. Family used car","1991 - 41,235 km","DHA 11 RAHBAR, LAHORE","Rs 435,000"
Suzuki swift 2013,"2013 - 78,000 km","PESHAWAR, KHYBER PAKHTUNKHWA","Rs 1,320,000"
Swift DLX 2016 excellent condition for sale,"2016 - 74,000 km","RIFLE RANGE ROAD, LAHORE","Rs 1,590,000"
Suzuki swift 2017 DLX Navigation,"2017 - 50,000 km","GULSHAN-E-IQBAL BLOCK 3, KARACHI","Rs 1,715,000"
Vip condition suzuki swift,"2017 - 12,345 km","SADIQABAD, PUNJAB","Rs 1,655,000"
Suzuki swift lush condition 2015 model,"2015 - 83,000 km","NISHTAR COLONY, LAHORE","Rs 1,700,000"
SUZUKI SWIFT DX 2013 FOR SALE 9/10 CONDITION,"2013 - 95,000 km","DHA PHASE 1, LAHORE","Rs 1,375,000"
Suzuki Swift Automatic Nevigation,"2019 - 48,000 km","MOINABAD, KARACHI","Rs 2,080,000"
Suzuki swift khyber Read add carefully,"1986 - 50,000 km","RANCHORE LINE BAZAR, KARACHI","Rs 160,000"
Suzuki swift automatic 1590000,"2014 - 70,000 km","NAVAL HOUSING SCHEME, KARACHI","Rs 1,590,000"
Suzuki swift,"2016 - 111,111 km","CHAUBURJI PARK, LAHORE","Rs 1,455,000"
Suzuki Swift,"2012 - 130,000 km","MULTAN, PUNJAB","Rs 1,350,000"
Suzuki Swift 2016 DLX,"2016 - 44,600 km","NORTH NAZIMABAD, KARACHI","Rs 1,595,000"
Swift 2016 brand new condition,"2016 - 47,000 km","CANTT, LAHORE","Rs 1,725,000"
Swift automatic Total genuine,"2014 - 70,000 km","FAISALABAD, PUNJAB","Rs 1,700,000"
Swift 1.3 DLX Automatic,"2014 - 56,000 km","PESHAWAR, KHYBER PAKHTUNKHWA","Rs 1,585,000"
Suzuki Swift DlX 2020 manual,"2020 - 22,000 km","PESHAWAR, KHYBER PAKHTUNKHWA","Rs 2,150,000"
Suzuki swift dlx 2015,"2015 - 57,000 km","STEEL TOWN, KARACHI","Rs 1,390,000"
swift 2013,"2013 - 60,000 km","ASKARI V, KARACHI","Rs 1,600,000"
Suzuki Swift 1.3 Dlx Automatic,"2019 - 17,000 km","REVENUE SOCIETY, LAHORE","Rs 2,200,000"
Swift 2012 neat and clean no work reqired,"2012 - 120,000 km","SHEIKHÜPURA, PUNJAB","Rs 1,260,000"
Suzuki Swift Auto Navg 2015,"2015 - 82,000 km","GULBERG TOWN, KARACHI","Rs 1,665,000"
Suzuki Swift DLX 1.3 Automatic (Navigation),"2018 - 22,400 km","NORTH NAZIMABAD, KARACHI","Rs 1,970,000"
SWIFT DLX 2017 Genuine,"2017 - 80,396 km","JOHAR TOWN, LAHORE","Rs 1,750,000"
Suzuki swift dlx model 2014,"2014 - 167,000 km","GUJRANWALA, PUNJAB","Rs 1,475,000"
Suzuki Swift DLX Abs,"2016 - 20,000 km","ICHHRA, LAHORE","Rs 1,485,000"
Swift 2018 full genin,"2018 - 45,000 km","KALA BOARD, KARACHI","Rs 1,750,000"
Suzuki Swift DLX,"2012 - 100,000 km","CHINIOT, PUNJAB","Rs 1,295,000"
Suzuki Swift Family Car Urjent Sale,"2015 - 60,000 km","SUKKUR, SINDH","Rs 1,600,000"
Suzuki swift 2010.,"2010 - 150,000 km","G-11, ISLAMABAD","Rs 1,280,000"
SUZUKI Khyber swift 1990,"1990 - 10,000 km","FAISALABAD, PUNJAB","Rs 250,000"
"My suzuki swift DXL,","2013 - 94,251 km","BHUTTO NAGAR, KARACHI","Rs 1,425,000"
Suzuki swift DLX 1. 3 2014 AUTO,"2014 - 75,891 km","PARAGON CITY, LAHORE","Rs 1,625,000"
Mint Condition Suzuki Swift 1988 registered 1992,1992 - 1 km,"GULSHAN-E-IQBAL BLOCK 6, KARACHI","Rs 340,000"
Suzuki Swift 2013 Full Options Immaculate Condition,"2013 - 85,660 km","ABUL HASSAN ISPHANI ROAD, KARACHI","Rs 1,290,000"
Suzuki swift DLX,"2010 - 90,000 km","UNIVERSITY ROAD, KARACHI","Rs 1,125,000"
Suzuki Khyber swift GA Red 91 excellent condition family use,"1991 - 16,000 km","NORTH NAZIMABAD, KARACHI","Rs 260,000"
Suzuki swift for sale,"2015 - 81,000 km","MULTAN, PUNJAB","Rs 1,325,000"
Suzuki swift Dx 2011 good condition.,"2011 - 125,000 km","TOBA TEK SINGH, PUNJAB","Rs 1,160,000"
Suzuki Swift DLX Automatic 1.3 Navigation 2018,"2018 - 34,000 km","DHA PHASE 6, KARACHI","Rs 1,995,000"
Suzuki Swift DLX 1.3 2013,"2013 - 115,522 km","ALLAMA IQBAL TOWN, LAHORE","Rs 1,470,000"
First Owner Swift I am the First Owner since 1989,"1989 - 123,456 km","F-11, ISLAMABAD","Rs 325,000"
Suzuki swift almost original colour,"2015 - 97,000 km","GULSHAN-E-IQBAL BLOCK 2, KARACHI","Rs 1,480,000"
Suzuki Swift Dlx 2018 Model,"2018 - 85,000 km","HYDERABAD, SINDH","Rs 1,825,000"
Suzuki Swift DLX 1.3 modle 2014 for sale,"2014 - 101,492 km","ADIALA ROAD, RAWALPINDI","Rs 1,480,000"
Swift ABS,"2017 - 71,000 km","HYDERABAD, SINDH","Rs 1,700,000"
Suzuki Swift DLX 1.3,"2010 - 110,000 km","MODEL TOWN, LAHORE","Rs 1,295,000"
Suzuki Swift DLX 2016,"2016 - 77,000 km","SARGODHA, PUNJAB","Rs 1,645,000"
Suzuki Swift 1.3 automatic,"2017 - 43,000 km","ABUL HASSAN ISPHANI ROAD, KARACHI","Rs 1,910,000"
Suzuki Swift 2017 Silver 16Lac,"2017 - 47,000 km","GULSHAN-E-IQBAL BLOCK 3, KARACHI","Rs 1,600,000"
Suzuki swift DLX 2010,"2010 - 112,000 km","SARGODHA, PUNJAB","Rs 1,200,000"
Suzuki swift for sale,"2010 - 91,000 km","BAHAWALPUR, PUNJAB","Rs 1,175,000"
Suzuki Swift Bumper to bumper genuine,"2014 - 65,000 km","MULTAN, PUNJAB","Rs 1,560,000"
Suzuki Swift DLX,"2013 - 75,000 km","LALUKHET, KARACHI","Rs 1,295,000"
Suzuki swift dlx model 2016,"2016 - 77,000 km","CAPITAL ENCLAVE, ISLAMABAD","Rs 1,550,000"
Suzuki swift DLX 2010,"2010 - 87,000 km","GULSHAN-E-RAVI, LAHORE","Rs 1,265,000"
Suzuki Swift DLX Automatic 1.3 original condition,"2013 - 82,000 km","SHADMAN TOWN, KARACHI","Rs 1,500,000"
SUZUKI SWIFT KHYBER JAPAN 1996 MINT CONDITION IN REASONABLE PRICE,"1996 - 14,900 km","ORANGI TOWN, KARACHI","Rs 285,000"
Suzuki swift DLX,"2014 - 85,000 km","JOHAR TOWN, LAHORE","Rs 1,450,000"
Suzuki swift,"2012 - 123,000 km","SIALKOT, PUNJAB","Rs 1,235,000"
Suzuki swift for sale excelent condition,"2011 - 56,000 km","G-11, ISLAMABAD","Rs 1,300,000"
Suzki swift,"1989 - 100,000 km","FEDERAL B AREA, KARACHI","Rs 230,000"
SUZUKI SWIFT 1.3 DLX AUTO 2017,"2017 - 75,000 km","PECHS, KARACHI","Rs 1,895,000"
Suzuki swift 2019 DLX model lhr registered,"2019 - 42,000 km","BUREWALA, PUNJAB","Rs 1,900,000"
Swift Khyber Car for sale in perfect condition,"1990 - 1,000 km","KALYAMABAD, RAWALPINDI","Rs 395,000"
Suzuki Swift / Khyber 2 Door Japanese,"1988 - 123,456 km","IEP ENGINEERS TOWN, LAHORE","Rs 450,000"
Suzuki/swift DLX,"2016 - 94,000 km","BAHRIA TOWN, LAHORE","Rs 1,585,000"
Suzuki Swift Automatic Beast,"2017 - 54,840 km","DHA PHASE 5, KARACHI","Rs 1,950,000"
Suzuki swift in excellent condition,"2015 - 34,500 km","DHA PHASE 5, KARACHI","Rs 1,650,000"
suzuki swift 2013 dlx abs break fogg lights,"2013 - 136,000 km","KHANEWAL, PUNJAB","Rs 1,370,000"
Suzuki Swift DLX 1.3 Auto transmission,"2013 - 78,000 km","FEDERAL B AREA, KARACHI","Rs 1,525,000"
Suzuki swift 2012,"2011 - 74,000 km","KALA BOARD, KARACHI","Rs 1,250,000"
Urgent sale Swift manual 2019 1st owner 100%original outer inner,"2019 - 17,000 km","GULISTAN-E-JAUHAR BLOCK 19, KARACHI","Rs 1,850,000"
suzuki swift DLx 1.3,"2013 - 120,000 km","MUSLIM TOWN, ISLAMABAD","Rs 1,450,000"
suzuki swift 2011 islamabad registered,"2011 - 125,000 km","ASKARI 11, RAWALPINDI","Rs 1,300,000"
SUZUKI SWIFT / DX /2012,"2012 - 110,000 km","JHELUM, PUNJAB","Rs 1,295,000"
Suzuki swift 2011 1st owner 2 Peac touch up.,"2011 - 88,000 km","BAHRIA TOWN KARACHI, KARACHI","Rs 1,350,000"
Suzuki swift driven in islamabad only,"2013 - 88,000 km","E-11, ISLAMABAD","Rs 1,470,000"
Swift 1.3 DLX 2013 genuine,"2013 - 120,000 km","SUKKUR, SINDH","Rs 1,460,000"
Suzuki swift 1990 (khyber) 2010 Registered,"1990 - 100,000 km","GULSHAN-E-MAYMAR, KARACHI","Rs 260,000"
Civic 2014 tribon triborn better vitz swift mira passo corolla,"2014 - 60,000 km","UNIVERSITY ROAD, KARACHI","Rs 1,965,000"
Suzuki swift,"2012 - 200,000 km","CHICHAWATNI, PUNJAB","Rs 1,250,000"
Suzuki swift in excellent condition,"2011 - 95,000 km","MULTAN, PUNJAB","Rs 1,220,000"
Suzuki Swift 2017 model for Sale in lahore,"2017 - 51,000 km","PAF FALCON COMPLEX, LAHORE","Rs 1,775,000"
Swift DLX Manual 2013,"2013 - 71,500 km","BAGHBANPURA, LAHORE","Rs 1,499,999"
Suzuki Swift DLX 1.3 Navigation,"2016 - 65,000 km","GULISTAN-E-JAUHAR BLOCK 16, KARACHI","Rs 1,620,000"
Suzuki swift 1986,"1986 - 850,000 km","GUJRANWALA, PUNJAB","Rs 290,000"
Suzuki Swift 1.3 DLX Navigation 2017,"2017 - 90,000 km","JOHAR TOWN, LAHORE","Rs 1,755,000"
Suzuki swift 2016,"2016 - 35,500 km","COMMITTEE CHOWK, RAWALPINDI","Rs 1,795,000"
Suzuki Swift DLX 2011,"2011 - 95,000 km","JOHAR TOWN, LAHORE","Rs 1,285,000"
Suzuki swift dlx navigation hi,"2015 - 74,300 km","GULZAR-E-HIJRI, KARACHI","Rs 1,410,000"
Suzuki swift janpne,"1987 - 53,007 km","ABBOTTABAD, KHYBER PAKHTUNKHWA","Rs 460,000"
Suzuki Swift DLX 1.3 Genuine body.,"2014 - 59,500 km","ANDA MOR ROAD, KARACHI","Rs 1,485,000"
Suzuki Swift DLX 1.3 original (first owner),"2016 - 45,000 km","GULBAI, KARACHI","Rs 1,530,000"
Suzuki swift model 2018 B2B genuine urgent sale need cash,"2018 - 16,000 km","KARIMABAD, KARACHI","Rs 1,880,000"
Swift suzuki,"2012 - 76,000 km","KOT KHAWAJA SAEED, LAHORE","Rs 1,285,000"
Suzuki Swift Khyber is up for sale.. 1985 mod. Genuine Condition .,"1985 - 80,800 km","G-10, ISLAMABAD","Rs 450,000"
Swift 1.3,"2014 - 70,000 km","BMCHS, KARACHI","Rs 1,550,000"
SUZUKI SWIFT DLX 1.3,"2019 - 40,258 km","G-8, ISLAMABAD","Rs 2,020,000"
Suzuki swift automatic 2014,"2014 - 60,000 km","NORTH NAZIMABAD, KARACHI","Rs 1,610,000"
Swift Dlx 1.3,"2018 - 58,000 km","MALIR, KARACHI","Rs 1,725,000"
Suzuki Swift DLX 1.3 Manual,"2015 - 85,000 km","DHA PHASE 2, KARACHI","Rs 1,490,000"
Family used car Swift,"2011 - 80,000 km","RAHIMYAR KHAN, PUNJAB","Rs 1,270,000"
swift auto,"2015 - 65,000 km","JAMSHED ROAD, KARACHI","Rs 1,725,000"
Suzuki swift khyber japness for sell and xchange,"1989 - 100,000 km","HYDERABAD, SINDH","Rs 240,000"
Suzuki khyber/swift 1989 for Sale,"1989 - 72,500 km","BAHRIA TOWN, ISLAMABAD","Rs 399,000"
Almost Brand new Suzuki Swift Automatic with Navigation 1.3 Dlx,"2020 - 6,300 km","G-11, ISLAMABAD","Rs 2,225,000"
Swift for sale,"2010 - 75,000 km","BEGAMPURA, LAHORE","Rs 1,240,000"
Suzuki Khyber swift 92 model urgent for sale vehicle,1992 - 123 km,"HARIPUR, KHYBER PAKHTUNKHWA","Rs 260,000"
Suzuki Swift DLX 1.3 Navigation (Model 2017) Bumper To Bumper Genuine,"2017 - 52,000 km","WAFAQI COLONY, LAHORE","Rs 1,730,000"
Swift 2011 good condition low mileage home used car,"2011 - 56,000 km","AIRPORT, KARACHI","Rs 1,300,000"
suzuki swift automatic full original,"2014 - 57,000 km","BIN QASIM TOWN, KARACHI","Rs 1,550,000"
SUZUKI SWIFT AUTOMATIC FULL ORIGINAL,"2014 - 58,000 km","GULSHAN-E-HADEED, KARACHI","Rs 1,550,000"
suzuki swift DLX manual,"2013 - 80,000 km","HILL PARK, KARACHI","Rs 1,450,000"
Suzuki Swift DLX,"2015 - 80,000 km","KHANEWAL, PUNJAB","Rs 1,550,000"
Suzuki Swift DLX Auto,"2015 - 88,000 km","BUFFER ZONE 1, KARACHI","Rs 1,700,000"
SUZUKI SWIFT 1.3 DLX TOTAL GENUINE,"2013 - 150,000 km","JOHAR TOWN, LAHORE","Rs 1,425,000"
14 lac for one car/Suzuki 2012 swift DLX /alto 660 2019 Both manual,"2012 - 90,818 km","MEDIA TOWN, RAWALPINDI","Rs 1,400,000"
Suzuki Swift Model 2011 original conditions,"2011 - 113,000 km","SAHARANPUR COOPERATIVE HOUSING SOCIETY, KARACHI","Rs 1,190,000"
Suzuki Swift,"2014 - 66,500 km","BUFFER ZONE 2, KARACHI","Rs 1,545,000"
Suzuki Swift,"2011 - 135,000 km","NAZIMABAD, KARACHI","Rs 1,300,000"
Suzuki swift dlx 2011,"2011 - 78,000 km","MULTAN, PUNJAB","Rs 1,325,000"
"Suzuki Swift DLX, Mint Condition","2017 - 66,000 km","KHAYABAN-E-ITTEHAD ROAD, KARACHI","Rs 1,635,000"
"Swift dlx , total Genioun","2010 - 150,000 km","KHANEWAL, PUNJAB","Rs 1,250,000"
Suzuki Swift,"2014 - 95,000 km","FAISALABAD, PUNJAB","Rs 1,450,000"
Suzuki Swift 1.3 Manual 2012,"2012 - 150,000 km","FAISAL TOWN, LAHORE","Rs 1,375,000"
Suzuki swift dlx navigation,"2017 - 41,000 km","NORTH NAZIMABAD, KARACHI","Rs 1,750,000"
Suzuki Swift 1.3 DX Manual 2011,"2011 - 130,000 km","FAISAL TOWN, LAHORE","Rs 1,275,000"
• Suzuki /Swift /Saloon/July - 1995/White/As is where is basis,1995 - 1 km,"MALIR, KARACHI","Rs 199,000"
Suzuki Swift,"2018 - 33,000 km","MUZAFFARABAD, AZAD KASHMIR","Rs 1,800,000"
Suzuki swift,"2012 - 150,000 km","JHELUM, PUNJAB","Rs 1,330,000"
Suzuki swift up for sale,"2016 - 60,000 km","EASTRIDGE HOUSING SCHEME, RAWALPINDI","Rs 1,795,000"
SUZUKI SWIFT IN VERY GOOD CONDITION,"2013 - 95,000 km","VALENCIA TOWN, LAHORE","Rs 1,415,000"
Swift 2011 2012. 1 2 pease toucehp,"2011 - 80,000 km","AZAM BASTI, KARACHI","Rs 1,265,000"
Swift 2013 reg,"2012 - 107,000 km","MUSLIM TOWN, RAWALPINDI","Rs 1,370,000"
Suzuki swift 2017 model white colour totally genuine,"2017 - 60,000 km","FAISALABAD, PUNJAB","Rs 1,775,000"
Suzuki swift Dlx,"2010 - 87,000 km","JOHAR TOWN, LAHORE","Rs 1,325,000"
Suzuki Swift DXL 1.3,"2013 - 168,000 km","GUJRANWALA, PUNJAB","Rs 1,435,000"
Suzuki swift dlx 2015,"2015 - 100,000 km","FAISALABAD, PUNJAB","Rs 1,550,000"
Suzuki swift,"2006 - 125,000 km","DAROGHEWALA, LAHORE","Rs 825,000"
Suzuki swift japanese,"2007 - 95,000 km","FEDERAL B AREA, KARACHI","Rs 1,425,000"
Khyber swift,"1989 - 16,000 km","TAXILA, PUNJAB","Rs 340,000"
Suzuki Swift Automatic 1.3,"2017 - 69,123 km","NORTH NAZIMABAD, KARACHI","Rs 1,650,000"
Swift 1300cc DLX,"2012 - 150,000 km","WAH, PUNJAB","Rs 1,400,000"
suzuki swift japani 2006 12,"2006 - 123,453 km","BUFFER ZONE 2, KARACHI","Rs 1,150,000"
Swift 1.3 DLX,"2010 - 100,000 km","AIRPORT HOUSING SOCIETY, RAWALPINDI","Rs 1,120,000"
suzuki swift urgent sale need money,2012 - 107 km,"GULISTAN-E-JAUHAR BLOCK 17, KARACHI","Rs 1,160,000"
Suzuki Swift 2019 Full Option,"2019 - 42,700 km","KOT LAKHPAT, LAHORE","Rs 1,950,000"
Japanese Suzuki Swift 1993 import,"1993 - 85,000 km","SHAHRA-E-FAISAL, KARACHI","Rs 315,000"
Swift DLX New Condition,"2015 - 90,000 km","RAHIMYAR KHAN, PUNJAB","Rs 1,490,000"
Swift 1.3,"2017 - 60,000 km","BAHRIA TOWN, ISLAMABAD","Rs 1,850,000"
Aoa Japani Suzuki Swift For Sale,2009 - 123 km,"RAWALPINDI, PUNJAB","Rs 1,200,000"
Suzuki Khyber swift,"1996 - 50,000 km","ANCHOLI, KARACHI","Rs 265,000"
Suzuki Swift 2013,"2013 - 60,000 km","GARDEN WEST, KARACHI","Rs 1,530,000"
Swift 2011 dx,"2011 - 160,000 km","PESHAWAR, KHYBER PAKHTUNKHWA","Rs 1,300,000"
SUZUKI KHYBER/SWIFT,"1989 - 1,205 km","GULISTAN-E-JAUHAR BLOCK 13, KARACHI","Rs 175,000"
Suzuki swift DLX 75%genuine,"2012 - 50,000 km","SHEIKHÜPURA, PUNJAB","Rs 1,395,000"
Suzuki swift DLX 2010- exchange possible,"2010 - 95,000 km","COMMERCIAL MARKET, RAWALPINDI","Rs 1,330,000"
Care for sale Suzuki swift DLX 1.3,"2012 - 88,000 km","MIAN AMIRUDDIN PARK, LAHORE","Rs 1,400,000"
Suzuki swift khyber,"1989 - 100,000 km","GULSHAN-E-MAYMAR, KARACHI","Rs 185,000"
Suzuki swift all genuine good condition,"2015 - 90,000 km","BAGHBANPURA, LAHORE","Rs 1,525,000"
Suzuki Swift Dlx 1.3 2016,"2016 - 108,000 km","JODHPUR SOCIETY, KARACHI","Rs 1,625,000"
Suzuki khyber swift,"1988 - 100,000 km","ORANGI TOWN, KARACHI","Rs 155,000"
Suzuki Swift For Sale,"2011 - 107,000 km","DHA PHASE 4, LAHORE","Rs 1,300,000"
Suzuki swift,"1996 - 1,000 km","ORANGI TOWN, KARACHI","Rs 240,000"
Suzuki swift dlx total geniune,"2016 - 60,000 km","FAISALABAD, PUNJAB","Rs 1,580,000"
Suzuki swift 2012 DLX,"2012 - 890,000 km","FAISALABAD, PUNJAB","Rs 1,290,000"
Suzuki swift dlx total geniune,"2016 - 60,000 km","FAISALABAD, PUNJAB","Rs 1,585,000"
Swift 2020 punjab number registered,"2020 - 7,500 km","CHICHAWATNI, PUNJAB","Rs 2,150,000"
Suzuki Swift automatic navigation Original,"2015 - 78,000 km","PESHAWAR, KHYBER PAKHTUNKHWA","Rs 1,747,000"
Swift 2017,"2017 - 54,000 km","GULSHAN-E-RAVI, LAHORE","Rs 1,725,000"
Khyber swift Japanese,"1987 - 50,000 km","MOTORWAY CHOWK, ISLAMABAD","Rs 380,000"
Suzuki swift Full automatic,2014 - 1 km,"SIALKOT, PUNJAB","Rs 1,500,000"
Swift DLX navigation up for sale,"2010 - 122,000 km","HARIPUR, KHYBER PAKHTUNKHWA","Rs 1,280,000"
Suzuki swift 2015 DLX,"2015 - 40,000 km","GULZAR-E-HIJRI, KARACHI","Rs 1,530,000"
Suzuki swift khyber,"1988 - 150,000 km","GHAURI TOWN, ISLAMABAD","Rs 450,000"
I want to sale my suzuki swift khyber,"1992 - 150,000 km","PCSIR STAFF COLONY, LAHORE","Rs 350,000"
Suzuki swift 2018,"2018 - 35,500 km","WAPDA TOWN, LAHORE","Rs 1,800,000"
"Suzuki Swift DX 2012 total genuine 1,280,000",2012 - 160 km,"ALLAMA IQBAL TOWN, LAHORE","Rs 1,280,000"
Suzuki Swift 1991,"1991 - 89,000 km","PAF RESIDENTIAL AREA, RAWALPINDI","Rs 450,000"
Swift abs,"2010 - 81,000 km","MAULANA SHAUKAT ALI ROAD, LAHORE","Rs 1,270,000"
Suzuki swift Khyber good condition 1991,"1991 - 2,000 km","TALI MORI, RAWALPINDI","Rs 300,000"
Suzuki Khyber swift modal 1987,"1987 - 100,000 km","AZIZABAD, KARACHI","Rs 179,000"
Suzuki Khyber swift good condition,"1992 - 10,852 km","QUETTA, BALOCHISTAN","Rs 360,000"
Suzuki Swift DX 2011 Model,"2011 - 152,000 km","OKARA, PUNJAB","Rs 1,250,000"
Suzuki swift,1989 - 1 km,"SANGHAR, SINDH","Rs 600,000"
LUXURY DRIVE/ NAVIGATION MODEL 2015 SWIFT DLX,"2015 - 142,000 km","VALENCIA TOWN, LAHORE","Rs 1,535,000"
Swift,"2012 - 101,700 km","METROVILLE, KARACHI","Rs 1,195,000"
Suzuki Swift 2015,"2015 - 73,000 km","COMISSIONER COOP HOUSING SOCIETY, KARACHI","Rs 1,480,000"
Suzuki swift,"2011 - 125,000 km","ANDA MOR ROAD, KARACHI","Rs 1,350,000"
Suzuki swift,2021 - 900 km,"GHAURI TOWN, ISLAMABAD","Rs 2,360,000"
Swift DLX ABS 2017 Mint Condition,"2017 - 68,000 km","SIALKOT, PUNJAB","Rs 1,680,000"
Khyber Swift,"1989 - 95,902 km","HYDERABAD, SINDH","Rs 220,000"
Khyber swift 1994 karachi,"1994 - 3,160 km","MARDAN, KHYBER PAKHTUNKHWA","Rs 290,000"
Suzuki swift DX for sale,"2011 - 126,000 km","MODEL TOWN, LAHORE","Rs 1,300,000"
swift,"2018 - 12,345 km","BAHRIA TOWN, ISLAMABAD","Rs 2,050,000"
Suzuki khyber (swift),"1989 - 12,345 km","GULBERG TOWN, KARACHI","Rs 280,000"
Suzuki Swift 1.3 DLX Manual,"2013 - 130,000 km","MODEL TOWN, LAHORE","Rs 1,380,000"
Suzuki Swift DLX Auto,"2017 - 90,000 km","MULTAN, PUNJAB","Rs 1,750,000"
Swift 2013 (Almost Genuine Condition) Army officer used,"2013 - 98,000 km","SUKKUR, SINDH","Rs 1,350,000"
Suzuki khyber swift 1996,"1996 - 10,000 km","LANDHI 2, KARACHI","Rs 250,000"
Suzuki swift 1.3 dlx white color,"2014 - 100,000 km","KHANPUR, PUNJAB","Rs 1,420,000"
Suzuki swift Japan 2005 unregistered,"2005 - 130,000 km","MINGAORA, KHYBER PAKHTUNKHWA","Rs 650,000"
Suzuki Swift DLX Automatic 1.3 Navigation PKR 23.50 lacs,"2020 - 9,000 km","DHA PHASE 7, LAHORE","Rs 2,350,000"
Swift 1.3Dx (14 model).,"2014 - 100,000 km","BAHAWALPUR, PUNJAB","Rs 1,560,000"
Suzuki swift,"2015 - 65,000 km","PESHAWAR, KHYBER PAKHTUNKHWA","Rs 1,570,000"
Suzuki Swift For Sale,"2011 - 98,000 km","ASKARI V, KARACHI","Rs 1,340,000"
Suzuki swift DLX 1.3 Bumper to Bumper geniune,"2010 - 117,000 km","MEHMOODABAD, KARACHI","Rs 1,290,000"
Suzuki swift 2012,2012 - 101 km,"DHOK KASHMIRIAN, RAWALPINDI","Rs 1,280,000"
Suzuki Swift 1.3 DLX Beautiful Condition,"2011 - 55,000 km","DHA PHASE 6, KARACHI","Rs 1,375,000"
Suzuki swift,"2015 - 43,000 km","SAFOORA GOTH, KARACHI","Rs 1,620,000"
Swift dlx navigation,"2019 - 27,000 km","JOHAR TOWN, LAHORE","Rs 1,930,000"
Swift 2013 Dx 1.3,"2013 - 114,541 km","F-8, ISLAMABAD","Rs 1,390,000"
Suzuki swift 1.3 graphite color,"2013 - 199,725 km","SARGODHA, PUNJAB","Rs 1,380,000"
Suzuki Khyber swift. sale urgent,"1992 - 78,000 km","SAEEDABAD, KARACHI","Rs 200,000"
Suzuki Swift 2016 Manual,"2016 - 54,500 km","SINDH INDUSTRIAL TRADING ESTATE, KARACHI","Rs 1,608,000"
Suzuki sports swift,"2011 - 138,166 km","SAGGIAN, LAHORE","Rs 1,000,000"
Swift(DLX) One Hand Use Lush Piece,"2016 - 111,003 km","SHALIMAR LINK ROAD, LAHORE","Rs 1,610,000"
Suzuki Khyber swift japani,"1990 - 25,000 km","WAZIRABAD, PUNJAB","Rs 265,000"
suzuki swift 2017-2021,"2017 - 15,500 km","SABZAZAR, LAHORE","Rs 2,650,000"
Swift 2015 model for sale.,"2015 - 95,000 km","GULBERG, ISLAMABAD","Rs 1,700,000"
Suzuki Swift DX 2015,"2015 - 72,000 km","GULISTAN-E-JAUHAR BLOCK 16, KARACHI","Rs 1,480,000"
"Suzuki Swift, White Color, Model 2018 (OCT), 1.3 Manual.","2018 - 630,000 km","SAADI ROAD, KARACHI","Rs 1,800,000"
Suzuki swift for sale,"2010 - 126,000 km","PAKISTAN TOWN, ISLAMABAD","Rs 1,265,000"
Swift car for sale,"2011 - 160,000 km","SHEIKHÜPURA, PUNJAB","Rs 1,260,000"
Suzuki swift Dlx 1.3,"2012 - 73,400 km","SADDAR, KARACHI","Rs 1,350,000"
Lush condition Suzuki swift white colour.B2B genuine.,"2015 - 80,000 km","FAISALABAD, PUNJAB","Rs 1,499,999"
Swift DX 2011 | full original | 82k | Petrol/Manual,"2011 - 82,500 km","GULISTAN-E-JAUHAR BLOCK 19, KARACHI","Rs 1,245,000"
Suzuki swift white,"1987 - 99,000 km","GULSHAN DADAN, RAWALPINDI","Rs 380,000"
Suzuki swift DLX navegation urgent sale,"2017 - 64,000 km","BUFFER ZONE 2, KARACHI","Rs 1,675,000"
Suzuki swift 1.3 Dlx,"2014 - 67,000 km","FAISALABAD, PUNJAB","Rs 1,500,000"
Suzuki Swift 1.3 Dlx 2013,"2013 - 100,000 km","ZAMZAMA, KARACHI","Rs 1,300,000"
Suzuki swift dlx 1.3 manual,"2012 - 117,000 km","DHA DEFENCE, ISLAMABAD","Rs 1,350,000"
Swift 1.3 DLX manual 2018,"2018 - 95,000 km","MADINA TOWN, LAHORE","Rs 1,705,000"
Honda N One push start better than mira move dayz pixis cast swift,2015 - 60 km,"HILL PARK, KARACHI","Rs 1,425,000"
Swift DLX 2012 Manual,"2012 - 85,000 km","GULISTAN-E-JAUHAR BLOCK 15, KARACHI","Rs 1,150,000"
Suzuki khyber Swift Japan Assembled,"1988 - 1,000 km","GARDEN EAST, KARACHI","Rs 210,000"
SUZUKI SWIFT JAPNESE 2006 UNREGISTERED PEARL WHITE CUSTOM AUCTION,"2006 - 89,000 km","GULSHAN-E-IQBAL BLOCK 4, KARACHI","Rs 1,650,000"
suzuki swift dx 2011,"2011 - 120,000 km","GUJRAT, PUNJAB","Rs 1,350,000"
Khyber swift,"1988 - 100,000 km","SARGODHA, PUNJAB","Rs 425,000"
Suzuki Swift DLX (MT),"2012 - 104,234 km","NORTH KARACHI, KARACHI","Rs 1,420,000"
Suzuki swift,"2015 - 49,000 km","LUCKNOW SOCIETY, KARACHI","Rs 1,600,000"
Suzuki Swift 2021,"2021 - 1,000 km","PESHAWAR, KHYBER PAKHTUNKHWA","Rs 2,330,000"
Suzuki Swift Total Genuine 1.3 DLX,"2017 - 41,000 km","SHAHTAJ COLONY, LAHORE","Rs 1,699,000"
Swift 2012 model,"2012 - 170,290 km","GUJRANWALA, PUNJAB","Rs 1,270,000"
Suzuki swift Dx Model 2012 colour white Registration 2012,"2012 - 127,000 km","BATAPUR, LAHORE","Rs 1,275,000"
Suzuki Swift DLX 1.3 2015,"2015 - 94,000 km","TOLLINTON MARKET ROAD, LAHORE","Rs 1,550,000"
Suzuki Swift 2016,"2016 - 54,500 km","RAHIMYAR KHAN, PUNJAB","Rs 1,550,000"
Suzuki Swift DLX 1.3,"2013 - 126,000 km","JHANG SADAR, PUNJAB","Rs 1,465,000"
Suzuki swift dlx 2011 model,"2011 - 102,000 km","LAYYAH, PUNJAB","Rs 1,275,000"
Suzuki Swift - Teacher used car,"2011 - 125,000 km","MULTAN ROAD, LAHORE","Rs 1,250,000"
suzuki khyber swift (imported),"1989 - 1,989 km","NAYA NAZIMABAD, KARACHI","Rs 220,000"
khyber swift,"1988 - 786,999 km","GULISTAN-E-JAUHAR BLOCK 20, KARACHI","Rs 240,000"
Suzuki khyber swift in good condition,1998 - 1 km,"PAKPATTAN, PUNJAB","Rs 380,000"
Suzuki swift dx 2012,"2012 - 94,000 km","RASHEEDABAD, KARACHI","Rs 1,250,000"
Swift 2010 model,"2010 - 117,000 km","QUETTA, BALOCHISTAN","Rs 1,200,000"
GIFT FOR SWIFT AUTOMATUC LOVERS,"2014 - 114,000 km","SHALIMAR LINK ROAD, LAHORE","Rs 1,660,000"
Swift 2012 1.3 DLX Showroom condition,"2012 - 149,000 km","PESHAWAR, KHYBER PAKHTUNKHWA","Rs 1,450,000"
Swift Automatic Total Original paint 100%,"2013 - 130,000 km","GUJRAT, PUNJAB","Rs 1,500,000"
Suzuki Swift Auto Japanese 2007 / 2012,"2007 - 111,200 km","NORTH NAZIMABAD, KARACHI","Rs 1,430,000"
suzuki swift 2011 dx,"2011 - 100,000 km","BAHRIA TOWN, LAHORE","Rs 1,280,000"
Suzuki Swift Japanese automatic,"2012 - 72,123 km","BAHRIA TOWN, ISLAMABAD","Rs 1,845,000"
Suzuki swift 2017 model Manual transmission Sand beige color,"2017 - 61,300 km","DERA GHAZI KHAN, PUNJAB","Rs 1,700,000"
Suzuki swift,"1992 - 100,000 km","FEDERAL B AREA, KARACHI","Rs 195,000"
"Swift DLX 1.3, 2012","2012 - 185,000 km","GUJRAT, PUNJAB","Rs 1,300,000"
Suzuki Swift 2018 model 2019 registered,2018 - 125 km,"WAH, PUNJAB","Rs 1,850,000"
SUZUKI Khyber Swift,"1986 - 100,000 km","GULSHAN-E-IQBAL BLOCK 2, KARACHI","Rs 185,000"
Swift DLX exchange possible,"2011 - 156,000 km","SAHIWAL, PUNJAB","Rs 1,275,000"
Swift DLX navigation for sale brand totall genuine condition,"2018 - 60,000 km","SIALKOT, PUNJAB","Rs 1,790,000"
